{
	"vegetables": [
		{ "id": 1, "name": "Carrot", "quantity": 60 },
		{ "id": 2, "name": "Potato", "quantity": 120 },
		{ "id": 3, "name": "Onion", "quantity": 90 },
		{ "id": 4, "name": "Tomato", "quantity": 75 },
		{ "id": 5, "name": "Cabbage", "quantity": 40 },
		{ "id": 6, "name": "Cauliflower", "quantity": 35 },
		{ "id": 7, "name": "Spinach", "quantity": 55 },
		{ "id": 8, "name": "Broccoli", "quantity": 30 },
		{ "id": 9, "name": "Green Peas", "quantity": 65 },
		{ "id": 10, "name": "Brinjal", "quantity": 50 }
	]
}
